id,reviewId,creationDate,criticName,isTopCritic,originalScore,reviewState,publicatioName,reviewText,scoreSentiment,reviewUrl
parasite_2019,2656652,2019-12-27,Arturo Magaña,False,5/5,fresh,Cine Premiere,Bong Joon-ho succeeds in showing us that the worst monster of our reality is the system that we have built. [Full Review in Spanish],POSITIVE,https://www.cinepremiere.com.mx/parasitos-parasite-critica.html
star_wars_the_last_jedi,2443730,2017-12-16,Susan Granger,False,10/10,fresh,SSG Syndicate,Rian Johnson's spectacular expansion of George Lucas' galactic adventure franchise is everything you want it to be - and more. What a great holiday gift for moviegoers! May the Force Be With You...,POSITIVE,http://www.susangranger.com/?p=10406
glass_2019,2548880,2019-01-17,Andrew J. Salazar,False,,fresh,Geeks of Color,"Through its many ups and downs, Glass still stands as a somewhat decent sequel to two of Shyamalan's best entries.",POSITIVE,https://geeksofcolor.co/2019/01/16/m-night-shyamalans-trilogy-trips-across-the-finish-line-with-glass-review/
aladdin,2590420,2019-05-25,Min-sik Yoon,False,6/10,fresh,Korea Herald,"Overall, it was a fun film, an OK film, but not one that leaves much of an impression.",POSITIVE,http://www.koreaherald.com/view.php?ud=20190521000750
booksmart,2586843,2019-05-16,Roger Moore,False,3/4,fresh,Movie Nation,Smells like teen spirit.,POSITIVE,https://rogersmovienation.com/2019/05/16/movie-review-one-night-makes-teens-see-theres-more-to-life-than-just-being-booksmart/
ant_man_and_the_wasp_quantumania,102780001,2023-02-15,Joe Passmore,False,3/5,fresh,Attitude,Michelle Pfeiffer and Jonathan Majors really shine despite a frustratingly uneven script,POSITIVE,https://www.attitude.co.uk/culture/film-tv/ant-man-and-the-wasp-in-quantumania-review-marvel-kick-off-phase-5-with-an-energetic-but-uneven-start-425606/
dune_2021,2834394,2021-10-25,Tim Brayton,False,3.5/5,fresh,Alternate Ending,The best kind of popcorn movie with aspirations to a monumental tone and a feeling of grave importance to its razzle dazzle.,POSITIVE,https://www.alternateending.com/2021/10/dune-2021.html
the_front_runner_2018,2533170,2018-11-16,Richard Roeper,True,3.5/4,fresh,Chicago Sun-Times,"""The Front Runner"" doesn't hit us over the head with parallels to today's political and media world. It doesn't have to.",POSITIVE,https://chicago.suntimes.com/entertainment/front-runner-review-movie-gary-hart-hugh-jackman-richard-roeper/
avengers_infinity_war,2603653,2019-07-10,Rucha Sharma,False,3.5/5,fresh,DNA India,The last half an hour of the movie is spectacular in every way. Twists and turns hit you full speed and a massive cliffhanger leaves you wanting.,POSITIVE,https://www.dnaindia.com/movie-reviews/report-avengers-infinity-war-review-marvel-s-biggest-movie-entertains-delivers-on-colossal-expectations-2608817
spider_man_homecoming,2403825,2017-07-07,Mike McGranaghan,False,3.5/4,fresh,Aisle Seat,"Spider-Man: Homecoming isn't really a Spider-Man movie. It's a Peter Parker movie, and that turns out to be an incredibly good thing.",POSITIVE,http://aisleseat.com/spiderman-homecoming
spider_man_no_way_home,2846556,2021-12-14,Kristy Puchko,True,,fresh,Mashable,"It's not only an enthralling thrill ride, not only a celebration of Spidey fandom, not only a rousing adventure but also an emotionally riveting drama that doesn't pull its punches.",POSITIVE,https://mashable.com/article/spider-man-no-way-home-review
knives_out,2699194,2020-06-26,Brent McKnight,False,B+,fresh,The Last Thing I See,"The sheer charisma of the actors, all working at a high level and having a damn good time, propels the movie and makes it truly special.",POSITIVE,https://www.thelastthingisee.com/2019/11/knives-out-2019-movie-review.html
ad_astra,2687508,2020-05-04,Shikhar Verma,False,3.5/5,fresh,High on Films,James Gray's Ad Astra is an inwards journey about the necessity to feel things.,POSITIVE,https://www.highonfilms.com/the-50-best-films-of-2019/
elvis,102711995,2022-07-24,Cameron Meier,False,2/5,rotten,MeierMovies.com,&#8220;Wise men say only fools rush in&#44;&#8221; Elvis Presley sang&#46; Director Baz Luhrmann should have taken those words to heart&#44; as almost all he does in Elvis&#44; his new whirlwind of a musical bio-pic&#44; is rush&#46; ,NEGATIVE,https://www.meiermovies.com/elvis/
taken_3,2241844,2015-01-10,Eric D. Snider,False,,rotten,GeekNation,This intentionally superficial character and premise have been stretched out much further than they were ever meant to be stretched.,NEGATIVE,http://geeknation.com/review-taken-3-again-fails-to-realize-what-we-liked-about-taken/
la_la_land,2366579,2016-12-09,Betty Jo Tucker,False,,fresh,ReelTalk Movie Reviews,"A modern love story filmed in a style reminiscent of glorious classic musicals, 'La La Land' emerges as a bittersweet treat for the eyes, the ears and the heart.",POSITIVE,http://www.reeltalkreviews.com/browse/viewitem.asp?type=review&id=5924
star_wars_the_rise_of_skywalker,2654378,2019-12-18,Evan Dossey,False,,fresh,Midwest Film Journal,"""The Rise of Skywalker"" brings the sequel trilogy's characters to a stirring emotional conclusion that befits the franchise as a whole ... while also offering a gratifying and delightfully bizarre denouement.",POSITIVE,https://midwestfilmjournal.com/2019/12/18/star-wars-the-rise-of-skywalker/
wonder_woman_1984,2751333,2020-12-15,JimmyO,False,9/10,fresh,JoBlo's Movie Network,"Wonder Woman 1984 is something special. From its breathtaking opening sequence to the refreshingly original final act, there is much to rejoice in.",POSITIVE,https://www.joblo.com/movie-news/wonder-woman-1984-review
blackkklansman,2498007,2018-08-16,Emma Simmonds,False,4/5,fresh,Radio Times,"The vibe is authentic, the period detail tasty, yet BlacKkKlansman burns with contemporary anger and concludes on an impossibly affecting, painfully relevant note.",POSITIVE,https://www.radiotimes.com/news/film/2018-08-16/blackkklansman-review-spike-lee-struts-his-film-making-stuff-with-ambition-and-gusto/
get_out,2655994,2019-12-23,Randall King,False,,fresh,Winnipeg Free Press,"Come for the scares. Stay for the humour, which is scalpel-sharp.",POSITIVE,http://www.winnipegfreepress.com/arts-and-life/entertainment/movies/
spider_man_far_from_home,2610735,2019-08-01,Sean Keane,False,,fresh,CNET,"Holland is spectacular, proving hilarious and warm throughout his European adventure -- he gets a pretty rad set of costumes too.",POSITIVE,https://www.cnet.com/news/spider-man-far-from-home-review-the-perfect-avengers-endgame-epilogue/
once_upon_a_time_in_hollywood,2616362,2019-08-16,Michael J. Casey,False,,fresh,Boulder Weekly,Only in dreams.,POSITIVE,https://www.boulderweekly.com/entertainment/screen/only-in-dreams/
three_billboards_outside_ebbing_missouri,2426821,2017-10-13,Emma Simmonds,False,5/5,fresh,The List,"It's all about McDormand - truly a performer you can build a whole film around, and one who can whisk a scene away from even her most seasoned peers.",POSITIVE,https://film.list.co.uk/article/96500-three-billboards-outside-ebbing-missouri/
taken_3,2522072,2018-10-24,Aaron Peterson,False,4/10,rotten,The Hollywood Outsider,"[Taken 3] is as clichéd and flawed an action vehicle as I have seen in some time, and when it came to a close I was just glad to finally see it end.",NEGATIVE,https://www.thehollywoodoutsider.com/taken-3-film-review/
black_panther_2018,2554358,2019-02-03,Carla Renata,False,10/10,fresh,The Curvy Film Critic,"Ryan Coogler has permanently stitched himself into the Hollywood fabric as one of the most innovative directors stretching across multiple genres. What Coogler does with Black Panther is inspiring, admirable and transformative.",POSITIVE,https://wp.me/p2v8yf-38H
ant_man_and_the_wasp_quantumania,102779555,2023-02-14,Jeff Nelson,False,2/5,rotten,Showbiz Cheat Sheet,Ant-Man and the Wasp&#58; Quantumania is an unwieldy and monotonous repackaging of what came before&#46;,NEGATIVE,https://www.cheatsheet.com/entertainment/ant-man-and-the-wasp-quantumania-movie-review.html/
the_batman,102662391,2022-02-28,David Gonzalez,False,4/4,fresh,The Cinematic Reel,Batman &#40;1989&#41; walked so&#160;The Dark Knight&#160;could run&#44; and now&#160;The Batman&#160;flies its way into the pantheon of comic book film transcendence&#46;,POSITIVE,https://thecinematicreel.com/the-batman/
joker_2019,2632484,2019-10-04,Daniel M. Kimmel,False,2/5,rotten,North Shore Movies,"Director Phillips, best known for the inane Hangover movies, wants to show he can be serious and profound, but has bitten off more than he can chew.",NEGATIVE,https://northshoremovies.wordpress.com/2019/10/03/review-joker/
black_panther_2018,2455656,2018-02-06,Brian Lowry,True,,fresh,CNN.com,"Black Panther pounces toward the head of the class in a way that should make the King, and his key subjects, a cornerstone of an already-formidable roster.",POSITIVE,http://www.cnn.com/2018/02/06/entertainment/black-panther-review/index.html
star_wars_the_last_jedi,2525226,2018-10-31,Ian Thomas Malone,False,,fresh,ianthomasmalone.com,The Last Jedi offers aimless entertainment.,POSITIVE,https://ianthomasmalone.com/2017/12/the-last-jedi-offers-aimless-entertainment/#comments
the_front_runner_2018,2554090,2019-02-02,David Stratton,True,4/5,fresh,The Australian,The Front Runner is commendably even-handed in its portrayal of both the political system and the fourth estate. And Jackman's commanding performance should be required viewing.,POSITIVE,https://www.theaustralian.com.au/arts/review/did-we-learn-anything-from-hart-affair/news-story/a0e5b337d141c66c4b1dbcf8b7a445b5
ant_man_and_the_wasp_quantumania,102781334,2023-02-20,Wenlei Ma,True,3/5,fresh,News.com.au,A superhero epic of gargantuan proportions that overwhelms and overstimulates&#44; but still manages to deliver some human emotions despite the CGI circus&#46;,POSITIVE,https://www.news.com.au/entertainment/movies/movie-reviews/antman-and-the-wasp-quantumania-sacrificed-to-the-marvel-machine/news-story/ef0a5eb5c0462391f9bd1f414bd1b4d1
ant_man_and_the_wasp_quantumania,102779634,2023-02-14,Linda Marric,True,4/5,fresh,The Jewish Chronicle,Peyton Reed and screenwriter Jeff Loveness seem to have gotten the tone just right this time around&#46; ,POSITIVE,https://www.thejc.com/life-and-culture/all/film-review-ant-man-and-the-wasp-quantumania-silly-and-outrageous-451imglw27P6KEAfMB7BXk
dunkirk_2017,2518712,2018-10-14,Joey Magidson,False,4/4,fresh,Hollywood News,"This is a near perfect movie. Nolan has a master's grasp on the material, showcasing it from start to finish.",POSITIVE,http://www.hollywoodnews.com/2017/07/20/dunkirk-is-a-towering-achievement-from-christopher-nolan/
taken_3,2300345,2015-12-18,Norman Wilner,False,1/5,rotten,NOW Toronto,"There is no redeeming value to Taken 3. We don't get the satisfaction of a well-made action movie, the pleasure of elaborate stunt work or the pure joy of watching Liam Neeson badass his way through a bunch of heavies.",NEGATIVE,
thor_love_and_thunder,102706155,2022-07-05,David Rooney,True,,rotten,Hollywood Reporter,"The movie feels weightless, flippant, instantly forgettable, sparking neither love nor thunder.",NEGATIVE,https://www.hollywoodreporter.com/movies/movie-reviews/thor-love-and-thunder-1235175416
arrival_2016,2361163,2016-11-10,Matt Neal,False,4.5/5,fresh,ABC Radio (Australia),Remember all that crap at the end of Interstellar where it tried to get clever but failed horribly? This pulls it off.,POSITIVE,https://movies8mylife.blogspot.com.au/2016/11/arrival.html
solo_a_star_wars_story,2713507,2020-08-14,Tom Beasley,False,3/5,fresh,Flickering Myth,This could easily have been exhausting - and it occasionally is - but there's a certain joy to seeing these iconic characters done slightly differently.,POSITIVE,https://www.flickeringmyth.com/2018/05/movie-review-solo-a-star-wars-story-2018-2/
arrival_2016,2361632,2016-11-11,Kristy Puchko,True,,rotten,CBR,Villeneuve's indulgence in mood and melancholy mount to a conclusion that wastes its compelling premise and wallows in infuriatingly all-consuming sentimentality.,NEGATIVE,http://www.cbr.com/review-arrival-brings-mood-but-no-thrills/
the_post,2613447,2019-08-07,Linda and Al Lerner,False,,fresh,Movies and Shakers,[Steven] Spielberg knows how to grab your attention with great storytelling in a straightforward portrayal of this moment in history.,POSITIVE,https://moviesandshakers.com/119/
the_irishman,2655971,2019-12-23,Wenlei Ma,True,4/5,fresh,News.com.au,"The Irishman is a much more deliberate and weighty gangster film - by comparison, Goodfellas is a riot. But it's a vibe that works in its gravitas.",POSITIVE,https://www.news.com.au/entertainment/movies/new-movies/the-irishman-is-an-epic-luxurious-scorsese-classic/news-story/8180cbd00b62ae1428304b73ac66f01f
spider_man_into_the_spider_verse,2548995,2019-01-18,Amanda Greever,False,,fresh,The Daily Times (Tennessee),"The characters, screenplay and voice acting are so compelling, so effective, that it is able to rise above what would have easily undone a lesser movie.",POSITIVE,https://www.thedailytimes.com/columns/amanda_greever/review-a-visit-to-this-spider-verse-both-dazzling-and/article_29abc73d-35b9-5681-a137-ba4801d47eb7.html
a_star_is_born_2018,2524433,2018-10-30,Armond White,False,,rotten,National Review,"All Cooper and Gaga do is repeat a self-congratulatory Hollywood motto about artists ""having something to say."" Now is the wrong time for that.",NEGATIVE,https://www.nationalreview.com/2018/10/movie-review-a-star-is-born-remade-wrong-way/
nope,102710647,2022-07-20,Richard Roeper,True,4/4,fresh,Chicago Sun-Times,"Jordan Peele’s masterfully audacious, wickedly funny and utterly outlandish sci-fi horror fable Nope is a classic example of a bold and original film that pays homage to a seemingly endless stream of great movies and yet is more than the sum of its parts.",POSITIVE,https://chicago.suntimes.com/movies-and-tv/2022/7/20/23270974/nope-review-jordan-peele-movie-daniel-kaluuya-keke-palmer-steven-yeun-michael-wincott
thor_ragnarok_2017,2428486,2017-10-19,Drew McWeeny,False,A,fresh,The Tracking Board,"One thing about Taika Waititi is evident: he is 100% worthy, and the power of Thor is his.",POSITIVE,http://www.tracking-board.com/thor-review-taika-waititi-brings-absurd-earnest-fun-to-the-mcu/
first_man,2549626,2019-01-19,Pete Vonder Haar,False,4.5/5,fresh,Houston Press,"Did Ed White have it right when he said, ""If a civilization doesn't try to expand its horizons, it can never grow as a nation."" What was that about American prestige again?",POSITIVE,https://www.houstonpress.com/arts/damien-chazelles-first-man-is-a-truly-cinematic-moonshot-10937291
star_wars_the_last_jedi,2570597,2019-03-26,Nicolás Ruiz,False,8.4/10,fresh,Código espagueti,Star Wars: The Last Jedi is a complete shift for the Star Wars saga and a brave reinvention of the jedi mythos. [Full review in Spanish],POSITIVE,https://codigoespagueti.com/resenas/star-wars-the-last-jedi/
the_front_runner_2018,2536995,2018-12-03,Diana Saenger,False,4,fresh,ReviewExpress.com,"Hugh Jackman takes a large leap playing Gary Hart, a Democrat Colorado senator in 1984 who lost in the primaries, but has not given up.",POSITIVE,http://reviewexpress.com/review.php?rv=1914
wonder_woman_2017,2397605,2017-06-02,Peter Rainer,True,B-,fresh,Christian Science Monitor,"It's overlong at 141 minutes and suffers from too much origin story exposition and middling CGI effects, but it has a frisky, friendly spirit that perfectly aligns with its wide-eyed lead actress, Gal Gadot.",POSITIVE,http://www.csmonitor.com/The-Culture/Movies/2017/0602/Wonder-Woman-has-a-frisky-friendly-spirit
ready_player_one,2467554,2018-03-28,Soren Andersen,True,2/4,rotten,Seattle Times,"I've seen ""Ready Player One,"" and now my eyeballs need a vacation.",NEGATIVE,https://www.seattletimes.com/entertainment/movies/ready-player-one-the-hunt-is-on-in-steven-spielbergs-overloaded-spectacle/?utm_source=RSS&utm_medium=Referral&utm_campaign=RSS_movies
ant_man_and_the_wasp_quantumania,102779501,2023-02-14,Eric Eisenberg,False,2/5,rotten,CinemaBlend,&#91;A&#93; blockbuster that&#8217;s never compelling for more than five minutes at a time and has nothing original or special to contribute to the superhero genre&#46;,NEGATIVE,https://www.cinemablend.com/movies/ant-man-and-the-wasp-quantumania-review
taken_3,2242765,2015-01-16,Andy Crump,False,4.5/10,rotten,Paste Magazine,"Taken 3 isn't a good movie. Against all logic, it isn't a bad movie, either. Instead, it's so casual and indifferent to itself it lapses into something altogether appalling.",NEGATIVE,http://www.pastemagazine.com/articles/2015/01/taken-3.html
once_upon_a_time_in_hollywood,2617010,2019-08-19,Tom Augustine,False,5/5,fresh,New Zealand Herald,"To watch a film is something like a waking dream - and it's within this space that Once Upon a Time operates, right down to its fantastical title.",POSITIVE,https://www.nzherald.co.nz/entertainment/news/article.cfm?c_id=1501119&objectid=12258315
ant_man_and_the_wasp_quantumania,102780821,2023-02-17,Eli Glasner,False,3/5,rotten,CBC News,This is the Marvel way&#58; The studio recruits actors and directors for their distinctive qualities&#44; but over time the thing that stuck out  gets filed down&#44; until they&apos;re just part of the machine&#46;  Ant-Man and the Wasp&#58; Quantumania is more of the same&#46;,NEGATIVE,https://www.cbc.ca/news/entertainment/ant-man-wasp-quantumania-1.6749393
captain_america_civil_war,2325604,2016-05-06,Sandy Schaefer,False,4/5,fresh,Screen Rant,Captain America: Civil War is a great superhero blockbuster that lays the groundwork for even bigger and better things to come in Phase 3 of the MCU.,POSITIVE,http://screenrant.com/captain-america-civil-war-movie-reviews/
star_wars_episode_vii_the_force_awakens,2299585,2015-12-16,Isaac Feldberg,False,10/10,fresh,We Got This Covered,"Star Wars: The Force Awakens is some kind of miracle, as it works on every imaginable level.",POSITIVE,http://wegotthiscovered.com/movies/star-wars-force-awakens-review
snow_white_and_the_huntsman,2087570,2012-06-01,Drew Taylor,False,C-,rotten,The Playlist,"Snow White & the Huntsman may be occasionally beautiful to look at, but as the evil queen teaches us, it comes at a cost -- in this sense, narrative momentum, actual stakes, and above all, an enjoyable experience.",NEGATIVE,http://blogs.indiewire.com/theplaylist/review-snow-white-the-huntsman-is-a-beautiful-slog-20120531
avengers_endgame,102659038,2022-02-18,David Gonzalez,False,4/4,fresh,The Cinematic Reel,Avengers&#58; Endgame broke me&#44; put me back together&#44; and decided to cut me again in one of the most impactful cinematic experiences of all time&#46; ,POSITIVE,https://thecinematicreel.com/reel-review-avengers-endgame/
spider_man_far_from_home,2602222,2019-07-03,Shyama Krishna Kumar,False,,fresh,Gulf News (UAE),"It's a familiar Spider-Man story, told in an entirely fresh way, and it completely works here.",POSITIVE,https://gulfnews.com/going-out/movie-reviews/spider-man-far-from-home-film-review-tom-holland-at-his-best-1.64995263
joker_2019,2660111,2020-01-14,Derek Deskins,False,,rotten,Edge Media Network,"To celebrate ""Joker"" as the best of the year is akin to telling your friends of all the celebrities you met while walking through Madame Tussauds. It isn't and you didn't.",NEGATIVE,https://www.edgemedianetwork.com/entertainment/movies/reviews//285200
wonder_woman_1984,2770446,2021-02-22,Tony Medley,False,3/10,rotten,The Larchmont Chronicle,"It is even more absurd than the first one that grossly distorted history. Gal Gadot's delivery makes Tony Curtis', ""Yonda Lies Da Castle of My Fodda,"" seem Shakespearean.",NEGATIVE,http://www.tonymedley.com/2020/Wonder_Woman_1984.htm
ant_man_and_the_wasp_quantumania,102779585,2023-02-14,Peter Gray,False,2.5/5,rotten,The AU Review,Feels unsure of its own journey&#44; losing its personality in a sea of overt CGI and poorly-executed humour that&#44; sadly&#44; cheapens whatever genuine wit Jeff Loveness&#8216;s script manages to occasionally muster&#46;,NEGATIVE,https://www.theaureview.com/watch/film-review-ant-man-and-the-wasp-quantumania/
roma_2018,2537175,2018-12-04,Jonathan W. Hickman,False,10/10,fresh,Daily Film Fix,"Few films this year impacted me more than ""Roma.""",POSITIVE,https://dailyfilmfix.com/?p=6490
dunkirk_2017,2768595,2021-02-16,John Serba,False,,fresh,Decider,I stand by my assertion that Dunkirk is Nolan's masterpiece.,POSITIVE,https://decider.com/2021/02/12/dunkirk-stream-it-or-skip-it/
avengers_endgame,2579791,2019-04-23,Matthew Pejkovic,False,4/5,fresh,Matt's Movie Reviews,"A grand, clever and heartfelt blockbuster sure to enthral its audience.",POSITIVE,http://www.mattsmoviereviews.net/movie-critic-reviews/avengers-endgame.html
taken_3,2241491,2015-01-08,Kate Muir,True,2/5,rotten,Times (UK),"With his third kidnapping caper, Taken 3, Liam Neeson takes self-parody to new lows and the result is hysterically, enjoyably bad.",NEGATIVE,http://www.thetimes.co.uk/tto/arts/film/reviews/article4317621.ece
la_la_land,2350415,2016-09-13,Mike Ryan,False,9/10,fresh,Uproxx,"La La Land is what they call a ""humdinger"" of a movie.",POSITIVE,http://uproxx.com/movies/la-la-land-review-tiff/
dune_2021,2833333,2021-10-20,Sebastian Zavala Kahn,False,4/5,fresh,Me gusta el cine,"Flawed as it is, ""Dune"" is a passion project, an ambitious film that feels more honest than 90% of blockbusters that are released each year. [Full review in Spanish]",POSITIVE,https://megustaelcine.com/critica-dunaun-film-ambicioso-con-excelentes-efectos-visuales-y-sonoros-que-falla-en-la-pasividad-de-su-protagonista/
ant_man_and_the_wasp,2586401,2019-05-15,Federico Furzan,False,3/4,fresh,Cinelipsis,"Even when following a guideline that serves a big purpose, this sequel manages to stay fresh with its quick paced script and dosed humour. [Full review in Spanish].",POSITIVE,https://cinelipsis.com/2019/05/07/critica-cine-ant-man-and-the-wasp-2018/
dunkirk_2017,2409149,2017-08-09,K. Austin Collins,True,,fresh,The Ringer,"When Dunkirk ended, I realized it wasn't Dunkirk I wanted to watch: It was the sequel.",POSITIVE,https://www.theringer.com/2017/7/19/16078320/dunkirk-movie-review-christopher-nolan-74e9c2d2dfff
wonder_woman_2017,2566513,2019-03-12,Rachel Wagner,False,A,fresh,rachelsreviews.net,Congrats to Patty Jenkins and everyone involved for finally giving me a blockbuster I actually cared about! Thank you!,POSITIVE,https://54disneyreviews.com/2017/06/02/wonder-woman-review/
star_wars_the_last_jedi,2442743,2017-12-13,John Lui,False,4/5,fresh,The Straits Times (Singapore),"Big space battles are one thing, but there are smaller action setpieces here that can only be described as beautiful.",POSITIVE,http://www.straitstimes.com/lifestyle/entertainment/star-wars-the-last-jedi-packed-with-action-and-humour
ant_man_and_the_wasp_quantumania,102779523,2023-02-14,Alex Flood,False,4/5,fresh,NME,Paul Rudd and Evangeline Lilly might be first-billed on the poster&#44; but this is undeniably the Jonathan Majors show &#8211; did Marvel just find its next great villain&#63;,POSITIVE,https://www.nme.com/reviews/film-reviews/ant-man-and-the-wasp-quantumania-review-kang-3398265
captain_marvel,2597904,2019-06-17,Cory Woodroof,False,,fresh,Nashville Scene,"Captain Marvel can stand alone as a step forward for a film series that was long past due making one, just as it can fall short of its potential",POSITIVE,https://www.nashvillescene.com/arts-culture/film/article/21050199/captain-marvel-is-a-fun-diversion-that-doubles-as-a-genre-milestone
the_batman,102662447,2022-02-28,Laura Clifford,False,A-,fresh,Reeling Reviews,"It seems we get the Batman movie for our times And so now, in 2022, we get the darkest Batman yet, one that pictures a Gotham City so drenched in corruption, Bruce Wayne (Robert Pattinson) finds himself looking into his own family history.",POSITIVE,https://www.reelingreviews.com/reviews/the-batman/
aquaman_2018,2539657,2018-12-11,Khal Davenport,False,,rotten,Complex,"I won't front like I didn't enjoy some elements of the film, but as a whole? It felt like I was watching a film based on what worked in a number of superhero flicks over the last few years.",NEGATIVE,https://www.complex.com/pop-culture/2018/12/aquaman-review-jason-momoa
skyfall,2111450,2012-10-23,Devin Faraci,False,,fresh,Birth.Movies.Death.,"Every time a Bond fan extols the virtues of the Bond films I wish I could see what they saw. I finally have, and I saw it in SKYFALL.",POSITIVE,http://badassdigest.com/2012/10/23/movie-review-skyfall-has-made-a-bond-fan-of-me/
godzilla_vs_kong,2785009,2021-04-21,Caffeinated Clint,False,,fresh,Moviehole,"King Kong vs. Godzilla"" isn't ""intellectual"" but if you're going to lose braincells, there's no better way to do it!",POSITIVE,https://moviehole.net/godzilla-vs-kong-review-welcome-back-to-the-movies/
taken_3,2242720,2015-01-16,Ben Kendrick,False,1.5/5,rotten,Screen Rant,Taken 3 takes the franchise past the point of absurdity - purely for the sake of selling a third series installment.,NEGATIVE,http://screenrant.com/taken-3-movie-reviews-2014/
parasite_2019,2623087,2019-09-07,Chris Bumbray,False,,fresh,JoBlo's Movie Network,Delicious social satire from a master of the genre.,POSITIVE,https://www.joblo.com/movie-news/review-parasite-tiff-2019
top_gun_maverick,102771585,2023-01-23,Felix Vasquez Jr.,False,,fresh,Cinema Crazed,A big jingoistic cartoon&#46; But it&#8217;s a fun jingoistic cartoon&#46;&#46;&#46;,POSITIVE,https://www.cinema-crazed.com/blog/2023/01/22/top-gun-maverick-2022/
jojo_rabbit,2638126,2019-10-22,Richard Brody,True,,rotten,New Yorker,"Today, making fun of Hitler and his minions is both easy and pointless, because he poses no threat; Waititi is kicking a dead bull.",NEGATIVE,https://www.newyorker.com/culture/the-front-row/springtime-for-nazis-how-the-satire-of-jojo-rabbit-backfires
avengers_infinity_war,2473244,2018-04-25,Eric Kohn,True,B,fresh,indieWire,"Even as the movie forces audiences to submit to so many cataclysmic events, the directors manage to direct the cascading mayhem to a unique kind of cliffhanger.",POSITIVE,http://www.indiewire.com/2018/04/avengers-infinity-war-review-1201956706/
thor_love_and_thunder,102709081,2022-07-14,Kate Rodger,False,4.5/5,fresh,Newshub (NZ),"Thor is not a perfect film, but for me, it was the perfect two hours my cinematic soul wanted and needed.",POSITIVE,https://www.newshub.co.nz/home/entertainment/2022/07/review-thor-love-and-thunder-is-another-classic-thor-adventure.html
aladdin,2589054,2019-05-22,A.O. Scott,True,,rotten,New York Times,"The movie itself, while not entirely terrible - a lot of craft has been purchased, and even a little art - is pointless in a particularly aggressive way.",NEGATIVE,https://www.nytimes.com/2019/05/22/movies/aladdin-review.html
ant_man_and_the_wasp_quantumania,102780692,2023-02-17,Josh Wilding,False,3.5/5,fresh,ComicBookMovie.com,Despite being an example of why a movie shouldn&#8217;t be shot almost entirely in The Volume&#44; every time Jonathan Majors steps on screen as Kang&#44; Ant-Man and The Wasp&#58; Quantumania is an epic tale to astonish and a monumental chapter in the Multiverse Saga&#46; ,POSITIVE,https://comicbookmovie.com/ant_man/ant_man-and-the-wasp-quantumania/ant-man-and-the-wasp-quantumania-review-jonathan-majors-makes-phase-5-opener-an-epic-tale-to-astonish-a200540
captain_marvel,2719432,2020-09-02,Victor Pineyro,False,7/10,fresh,Seventh Art Studio,"It's far from being the best MCU film, but it does a decent job on introducing on of the most powerful characters of that universe. [Full review in Spanish]",POSITIVE,http://seventhartstudio.com/captain-marvel-2019-resena/
ant_man_and_the_wasp_quantumania,102780006,2023-02-15,Douglas Davidson,False,4/5,fresh,Elements of Madness,&#46;&#46;&#46; &quot;Quantumania&quot; is a stellar time&#46; &#46;&#46;&#46; some truly trippy sequences&#44; some genuine excitement&#44; and the characteristic laughs the &quot;Ant-Man&quot; films offer&#44; and &quot;Quantumania&quot; is a strong start to Phase 5&#46;,POSITIVE,https://elementsofmadness.com/2023/02/15/antman3/
black_panther_2018,2549428,2019-01-19,Nathalia Aryani,False,,fresh,San Diego Entertainer,"One of the best, most important superhero movies of all time.",POSITIVE,https://www.sdentertainer.com/movies/movie-review-black-panther/
first_man,2617930,2019-08-21,Linda and Al Lerner,False,,fresh,Movies and Shakers,"This may be [Damien] Chazelle's best film yet. It may not be a joyous celebration, but watching the intense performances and the meticulous detail, should put your over the moon.",POSITIVE,https://moviesandshakers.com/first-man/
snow_white_and_the_huntsman,2087348,2012-05-31,Frank Swietek,False,C-,rotten,One Guy's Opinion,Gloomy and lugubrious...another expensive dud.,NEGATIVE,http://www.oneguysopinion.com/Review.php?ID=3549
parasite_2019,2633824,2019-10-09,Pete Hammond,False,5/5,fresh,Deadline Hollywood Daily,Bong Joon Ho's Cannes Film Festival winner is a flat out masterpiece.,POSITIVE,https://deadline.com/video/parasite-review-bong-joon-ho-cannes-palme-dor-winner/
ant_man_and_the_wasp_quantumania,102779521,2023-02-14,Clarisse Loughrey,True,3/5,fresh,Independent (UK),"All in all – particularly when balanced against the weightiness of Majors’s performance – Quantumania nicely hits the mark: it’s goofy, but goofy to just the right degree.",POSITIVE,https://www.independent.co.uk/arts-entertainment/films/reviews/ant-man-quantumania-review-b2282134.html
dunkirk_2017,2405957,2017-07-21,Rob Thomas,False,4/4,fresh,"Capital Times (Madison, WI)","The brilliant, unconventional structure adds to the immersive nature of ""Dunkirk,"" reinforcing the sense that the war is everywhere, that characters who haven't even met make decisions with life-or-death consequences for each other.",POSITIVE,http://host.madison.com/ct/entertainment/movies/movie-review-dunkirk-is-a-harrowing-and-surprisingly-experimental-war/article_7d3ddcff-113b-5045-8e4d-0571d1841fde.html?utm_source=dlvr.it&utm_medium=twitter
solo_a_star_wars_story,2607017,2019-07-19,Víctor López G.,False,4/5,fresh,Espinof,"With the exception of Emilia Clarke, who is insipid, the rest of the interpreters promote the story with their talent and spirit. [Full Review in Spanish]",POSITIVE,https://www.espinof.com/criticas/han-solo-historia-star-wars-encantadora-aventura-espiritu-western-mas-nejo
ant_man_and_the_wasp_quantumania,102779550,2023-02-14,Molly Freeman,False,4/5,fresh,Screen Rant,Ant-Man and the Wasp&#58; Quantumania is a solid start to the MCU&apos;s Phase 5&#44; working well to serve Scott Lang&apos;s story and introduce the menacing Kang&#46;&#10;&#10;,POSITIVE,https://screenrant.com/ant-man-and-the-wasp-quantumania-2023-movie-reviews/
suicide_squad_2016,2748670,2020-12-05,Mike Massie,False,2/10,rotten,Gone With The Twins,It's baffling that this movie struggled with its storyline to such a distressing degree.,NEGATIVE,http://gonewiththetwins.com/new/suicide-squad-2016/
black_panther_2018,2524918,2018-10-31,Bob Chipman,False,4,fresh,Geek,"A genuine masterpiece of popcorn filmmaking that raises the bar really high for 2018 blockbusters and a near-perfect version of... well, itself.",POSITIVE,https://www.geek.com/movies/moviebob-reviews-black-panther-2018-1731099/
nomadland,2769699,2021-02-19,James Verniere,False,A-,fresh,Boston Herald,Turn on (your engines) tune in (your radios) and drop out. Film mines appeal of alternate lifestyle.,POSITIVE,https://www.bostonherald.com/2021/02/19/nomadland-mines-appeal-of-life-off-the-grid/
joker_2019,102755037,2022-11-22,Wesley Lovell,False,3/4,fresh,Cinema Sight,In the simply titled Joker&#44; we get yet another version and this one is probably the most toxic of them all and not in a satisfying way&#46;,POSITIVE,http://cinemasight.com/review-joker-2019/
thor_love_and_thunder,102706231,2022-07-05,Tania Lamb,False,,fresh,Lola Lambchops,Thor&#58; Love and Thunder is good&#59; it&apos;s not great&#46; You&apos;ll get a bunch of laughs&#44; but you also get a dose of cynicism that undercuts the spirit of love&#46; ,POSITIVE,https://lolalambchops.com/thor-love-and-thunder-kid-friendly-parents-guide/
black_widow_2021,2803975,2021-07-07,Peter Sobczynski,False,4/5,fresh,eFilmCritic.com,"If this does turn out to be Johansson's farewell to the role that helped make her one of the most popular actresses in the world, it is a film that does ultimately honor both her and the character.",POSITIVE,https://www.efilmcritic.com/review.php?movie=29825&reviewer=389
a_star_is_born_2018,2519222,2018-10-16,Saibal Chatterjee,False,3.5/5,fresh,NDTV,A Star Is Born is a remake that is good enough to stand on its own without the fear of comparison.,POSITIVE,http://movies.ndtv.com/movie-reviews
avatar_the_way_of_water,102763364,2022-12-22,Nick Johnston,False,,fresh,Vanyaland,"[Cameron] is once again unparalleled at presenting us with an ecological and ethnographic survey of a fictional world that is, like the whole concept, familiar and yet novel.",POSITIVE,https://vanyaland.com/2022/12/14/avatar-the-way-of-water-review-worth-the-10-year-wait/
spider_man_far_from_home,2602480,2019-07-05,Matthew Norman,True,3/5,fresh,London Evening Standard,This mischievous film never tires of teasing the conventions and traditions of the genre.,POSITIVE,https://www.standard.co.uk/go/london/film/spiderman-far-from-home-review-marvel-endgame-a4180076.html
taken_3,2241862,2015-01-11,Jeffrey M. Anderson,False,2/5,rotten,Common Sense Media,"Olivier Megaton (Taken 2) directs again, and from the movie's flagging energy level, it appears as if he, too, is ready to retire this series.",NEGATIVE,https://www.commonsensemedia.org/movie-reviews/taken-3
captain_marvel,2565168,2019-03-08,Joanna Langfield,False,,fresh,The Movie Minute,"Not exactly marvelous, this origins story eventually warms up, takes flight and wins us over.",POSITIVE,https://themovieminute.com/captain-marvel/
black_panther_2018,2458139,2018-02-15,Devesh Sharma,False,4/5,fresh,Filmfare,"Coogler has played with the age of dilemma of winning freedom through armed struggle versus gaining it through peaceful means. But Black Panther is no Gandhi, he's a superhero with enhanced abilities and a combat suit that James Bond would kill for.",POSITIVE,https://www.filmfare.com/reviews/bollywood-movies/black-panther-movie-review-the-best-superhero-origin-story-in-recent-times-26618.html
wonder_woman_1984,2751311,2020-12-15,Katie Smith-Wong,False,3/5,rotten,Flick Feast,"Overall, Wonder Woman 1984 set its sights high in the sky. Gadot, Jenkins and Wiig are on board but it essentially struggles to find its wings.",NEGATIVE,https://www.flickfeast.co.uk/reviews/film-reviews/wonder-woman-1984-2/
black_panther_wakanda_forever,102750348,2022-11-08,Alistair Harkness,False,3/5,fresh,Scotsman,"As with the first film, Wakanda Forever works best when it’s deviating from the expected tropes of a superhero film.",POSITIVE,https://www.scotsman.com/arts-and-culture/film-and-tv/film-reviews-black-panther-wakanda-forever-no-bears-a-bunch-of-amateurs-3910814
eternals,2836975,2021-11-04,Travis Hopson,False,3/5,fresh,Punch Drunk Critics,"While it ultimately gives in to the demands of the MCU,Eternalsstrives to be more than just another superhero movie. It's the reason why it has won me over, and may be the reason why it won't work for others.",POSITIVE,https://punchdrunkcritics.com/2021/11/review-eternals/
captain_america_civil_war,2325589,2016-05-06,Michael Burgin,False,8.5/10,fresh,Paste Magazine,Civil War maintains the same balance of action and significant (if brief) character development/interaction that made Winter Soldier so enjoyable.,POSITIVE,http://www.pastemagazine.com/articles/2016/05/captain-america-civil-war.html
ant_man_and_the_wasp_quantumania,102779597,2023-02-14,Randy Meeks,True,4/5,fresh,Empire Magazine,"Quantunmania is colorful, original, and different, and corrects the mistakes that Marvel has made during these three years of experimentation. [Full review in Spanish]",POSITIVE,https://www.espinof.com/criticas/ant-man-avispa-quantumania-me-ha-hecho-recobrar-fe-marvel-pelicula-que-explota-sentido-diversion-endereza-rumbo-fase-5
the_batman,102662422,2022-02-28,J. Don Birnam,False,B+,fresh,Splash Report,"""The Batman"" plays brilliantly like a murder horror mystery for 2h15, and then like a boring superhero movie for the last 30m. Thankfully the great vastly overwhelms the choppy.",POSITIVE,http://splashreport.com/the-batman-review-reeves-pattinson/
first_man,2519431,2018-10-17,James Kendrick,False,3.5/4,fresh,Q Network Film Desk,deserves kudos for bravery in tackling a difficult character and refusing to soft-sell his shortcomings or offer easy pabulum to the audience who might be looking for some superficial reinforcement of American greatness,POSITIVE,http://www.qnetwork.com/review/4100
solo_a_star_wars_story,2481043,2018-05-29,Sebastian Zavala Kahn,False,3.5/5,fresh,Cinencuentro,"A modest yet fun movie full of energetic action sequences, great special effects and efficient performances. [Full review in Spanish]",POSITIVE,https://www.cinencuentro.com/2018/05/28/critica-han-solo-una-historia-de-star-wars/
la_la_land,2748622,2020-12-05,Mike Massie,False,9/10,fresh,Gone With The Twins,"A celebration of music and magic, where swelling emotions are captured by somber yet jazzy leitmotifs.",POSITIVE,http://gonewiththetwins.com/new/la-la-land-2016/
solo_a_star_wars_story,2525181,2018-10-31,Jennifer Heaton,False,8.5/10,fresh,Alternative Lens,"Solo never does make the case that it needs to exist but, in terms of quality of execution, it's possibly the best movie one could hope for given the brief it has to fulfil.",POSITIVE,https://altfilmlens.wordpress.com/2018/05/24/solo-a-star-wars-story-an-alternative-lens-review/
first_man,2518470,2018-10-12,Robert Denerstein,False,,fresh,Denerstein Unleashed,"First Man struck me as a far more ambitious and worthier work than either Whiplash or La La Land, two of Chazelle's previous movies.",POSITIVE,http://denersteinunleashed.blogspot.com/2018/10/the-story-of-moon-landing.html
ant_man_and_the_wasp_quantumania,102779486,2023-02-14,Ian Sandwell,False,3/5,fresh,Digital Spy,Ant-Man and The Wasp&#58; Quantumania ends up as a movie with great elements&#44; rather than completely satisfying whole&#46;,POSITIVE,https://www.digitalspy.com/movies/a42854659/ant-man-wasp-quantumania-review/
knives_out,2623367,2019-09-08,Brian Tallerico,True,3.5/4,fresh,RogerEbert.com,"Directing a wildly charismatic cast who are all-in on what he's doing, Johnson confidently stays a step or two ahead of his audience, leaving them breathless but satisfied at the end.",POSITIVE,https://www.rogerebert.com/reviews/knives-out-2019
arrival_2016,2361784,2016-11-12,Willie Waffle,False,2/4,rotten,WaffleMovies.com,Hokey malarkey.,NEGATIVE,http://dcw50.com/2016/11/11/arrival-hokey-malarkey-review/
nomadland,2781371,2021-04-01,Rohan Naahar,False,,rotten,Hindustan Times,Nomadland is 21st Century Oscar-bait in its most shameless form - almost as eye-rollingly obvious in its intentions as some of those awards-friendly period dramas that the Weinsteins used to produce a decade or two ago.,NEGATIVE,https://www.hindustantimes.com/entertainment/hollywood/nomadland-movie-review-frances-mcdormand-will-win-oscar-for-the-least-amount-of-acting-she-s-ever-done-101617257852136.html
taken_3,2241516,2015-01-08,Frank Swietek,False,C-,rotten,One Guy's Opinion,"Just another extended chase movie, one far longer--and sillier--than a Road Runner cartoon.",NEGATIVE,http://www.oneguysopinion.com/taken-3/
the_front_runner_2018,2533100,2018-11-16,Chris Knight,False,3.5/5,fresh,National Post,"[The Front Runner] provides an instructive how-did-we-get-here tale, looking at how media intrusion, once started, and whether for good or ill, is difficult to rein in.",POSITIVE,https://nationalpost.com/entertainment/movies/the-front-runner-shows-a-moment-in-politics-when-then-became-now
mission_impossible_fallout,2493520,2018-07-27,Frank Wilkins,False,4/5,fresh,Reel Reviews,"A ticking time bomb of harrowing action, frazzled nerves, and edge-of-your-seat mystery. But, at the same time, it is way too long and its plot far too complex and convoluted",POSITIVE,http://reelreviews.com/mission-impossible-fallout-movie-review
captain_america_civil_war,2429777,2017-10-24,Matthew Bond,False,3/5,rotten,The Mail on Sunday (UK),"Captain America: Civil War is very much a sequel to Winter Soldier but, regrettably, too long, tryingly complicated and it takes the best part of 75 minutes before it breaks into anything resembling comic exuberance.",NEGATIVE,http://www.dailymail.co.uk/home/event/article-3563226/Kap-ouch-s-swarming-warring-superheroes-Captain-America-sequel-like-punch-five-star-original.html
widows_2018,2508631,2018-09-09,Chris Evangelista,False,8/10,fresh,Slashfilm,"Steve McQueen and Gillian Flynn team for Widows, an exciting, brilliantly-acted thriller about a team of desperate women pushed to desperate measures. A heist film with a lot more on its mind than meets the eye, Widows is a gem.",POSITIVE,https://www.slashfilm.com/widows-review/
batman_v_superman_dawn_of_justice,2316391,2016-03-24,Charlotte O'Sullivan,True,3/5,fresh,London Evening Standard,"More befuddled, plot-wise, than just about any other superhero epic of the last decade, Batman v Superman nevertheless deserves points for creating a vision of modern America that feels truly fractured.",POSITIVE,http://www.standard.co.uk/goingout/film/batman-v-superman-dawn-of-justice-film-review-why-so-super-serious-a3210921.html
rogue_one_a_star_wars_story,2367038,2016-12-13,William Bibbiani,False,,fresh,CraveOnline,"I'm recommending it, if only as a three-star action movie. But I think it's important to consider how the original Star Wars movies transcended their pulpy influences and how Rogue One gets mired in them.",POSITIVE,http://www.craveonline.com/entertainment/1180115-rogue-one-review-star-wars-mad-libs-movie
taken_3,2763220,2021-02-02,Richard Crouse,False,1/5,rotten,Richard Crouse,"We don't go to the Taken movies to see great art, we go to have a good time at the movies. Unfortunately, this time around, that pleasure has been ""taken"" from us.",NEGATIVE,http://www.richardcrouse.ca/taken-3-1-star-its-audiences-that-get-brutalized-in-taken-3/
parasite_2019,2633772,2019-10-09,Carla Renata,False,,fresh,The Curvy Film Critic,"Brilliantly crafted film delving full on into social class, racism within the race with a delicious twist in the final act make Parasite a must-see!",POSITIVE,http://wp.me/p2v8yf-3UN
star_wars_the_last_jedi,2442290,2017-12-12,Justin Chang,True,,fresh,Los Angeles Times,"The Last Jedi, written and directed by the gifted indie auteur Rian Johnson, nails the balance of novelty and nostalgia in much more satisfying fashion.",POSITIVE,http://www.latimes.com/entertainment/movies/moviesnow/95419918-132.html
avengers_infinity_war,2558503,2019-02-13,Bertie Archer,False,5/5,fresh,One Room With A View,"A triumph for Marvel, Disney and blockbuster filmmaking. By fusing the best parts of the 18 movies behind it, the sum is considerably greater.",POSITIVE,https://oneroomwithaview.com/2018/04/24/avengers-infinity-war-review/
ant_man_and_the_wasp_quantumania,102780513,2023-02-16,Richard Crouse,False,2.5/5,rotten,Richard Crouse,Rudd&#8217;s charisma brings a lightness of touch&#44; and he provides some genuinely funny moments in the film&#46; Majors brings the secret sauce as a great cartoon villain&#44; but the talky script and messy action scenes suck away much of the fun&#46;,NEGATIVE,https://richardcrouse.ca/ant-man-and-the-wasp-quantumania-2-%c2%bd-stars/
ant_man_and_the_wasp_quantumania,102779496,2023-02-14,Jenna Anderson,False,4/5,fresh,ComicBook.com,With multiple standout performances&#44; an abundantly clear love for the wacky corners of science fiction&#44; and a conflict that is guaranteed to matter in the years to come&#44; Quantumania becomes the weirdest chapter in the MCU&apos;s essential storytelling&#46;,POSITIVE,https://comicbook.com/movies/news/ant-man-and-the-wasp-quantumania-review-mcu-marvel/
the_batman,102669398,2022-03-17,Brandon Collins,False,5/5,fresh,Medium Popcorn,This is at least in the top three Batman films of all time for me. It was a combination of all of the best elements of the Batman character and Gotham as a city. It blew me away. This was fantastic. ,POSITIVE,https://www.mediumpopcorn.com/episodes/bonus-the-batman
star_wars_the_last_jedi,2442277,2017-12-12,Dave Schilling,False,,fresh,Birth.Movies.Death.,"A more complicated visit to a galaxy far far away, one that manages to be a great stand-alone adventure in its own right.",POSITIVE,http://birthmoviesdeath.com/2017/12/12/star-wars-the-last-jedi-review-the-star-wars-film-that-finally-lives-up-to
ant_man_and_the_wasp_quantumania,102780414,2023-02-16,Marcelo Stiletano,False,2.5/5,rotten,La Nación (Argentina),"... this new adventure isn't as fun as the previous ones, it works only as by-the-book entertainment with more muscles than brains. [Full review in Spanish]",NEGATIVE,https://www.lanacion.com.ar/espectaculos/cine/estrenos-de-cine-ant-man-and-the-wasp-quantumania-presenta-a-la-nueva-victima-del-multiverso-de-nid16022023/
jurassic_world_fallen_kingdom,2526573,2018-11-01,Matt Oakes,False,D-,rotten,Silver Screen Riot,The thrill of dinosaurs invading our cineplexes has gone extinct.,NEGATIVE,https://silverscreenriot.com/out-in-theaters-jurassic-world-fallen-kingdom/
captain_marvel,2564777,2019-03-07,Christopher Lloyd,False,4/5,fresh,The Film Yap,An uneven but passionate and energetic introduction for a figure some have called the most powerful hero in the MCU.,POSITIVE,http://www.thefilmyap.com/movies/captain-marvel/
ant_man_and_the_wasp_quantumania,102789858,2023-03-18,MontiLee Stormer,False,3.5/5,fresh,MovieReelist.com,The MCU spent Phase 4 showing a sprawling universe at some point&#44; they&#8217;re all going to have to come together to beat the crap out of each other&#46; We&#8217;ve got a whole multiverse to sit down to&#44; so let Ant-Man and the Wasp&#58; Quantumania be that appetizer&#46;,POSITIVE,https://moviereelist.com/review/ant-man-quantumania/
batman_v_superman_dawn_of_justice,2316108,2016-03-22,Jon Lyus,False,4/5,fresh,HeyUGuys,"An action-packed and epic start to the DC Films Universe, Batman v Superman will have you grinning from ear to ear from start to finish.",POSITIVE,http://www.heyuguys.com/batman-v-superman-dawn-of-justice-review/
2012,1854643,2009-11-11,Clay Cane,False,C,rotten,BET.com,A gargantuan mess.,NEGATIVE,http://blogs.bet.com/entertainment/whattheflick/movie-review-2012/
the_revenant_2015,2303329,2016-01-10,Simon Miraudo,False,3/5,fresh,Student Edge,"If you absolutely have to watch a film about an incredibly inventive man surviving in the absolute worst conditions imaginable, can I recommend The Grey instead?",POSITIVE,https://studentedge.com.au/article/movie-review-the-revenant
taken_3,2310947,2016-02-25,John Fink,False,C,rotten,The Film Stage,Taken 3 isn't a bad time; it's often laughable without veering totally into self-parody.,NEGATIVE,http://thefilmstage.com/reviews/review-taken-3/
shazam,2574416,2019-04-05,Chris Wasser,False,3/5,fresh,The Herald (Ireland),"Shazam! gets a little greedy towards the end, and it could probably stand to lose at least 20 minutes from its noisy finale. But hey, it gets the job done. It might just kick-start a new franchise. It's a bit of a hoot. I didn't see that coming.",POSITIVE,http://www.independent.ie/entertainment/movies/movie-reviews/
star_wars_episode_vii_the_force_awakens,2465168,2018-03-16,Fico Cangiano,False,4.5/5,fresh,CineXpress,"The Star Wars film we needed (a palate cleanser). Funny, full of action and lots of feels, this new entry achieves great balance between nostalgia and novelty. [Full review in Spanish]",POSITIVE,http://cinexpresspr.com/site/2015/12/18/resena-star-wars-the-force-awakens/
ant_man_and_the_wasp_quantumania,102779550,2023-02-14,Molly Freeman,False,4/5,fresh,Screen Rant,Ant-Man and the Wasp&#58; Quantumania is a solid start to the MCU&apos;s Phase 5&#44; working well to serve Scott Lang&apos;s story and introduce the menacing Kang&#46;&#10;&#10;,POSITIVE,https://screenrant.com/ant-man-and-the-wasp-quantumania-2023-movie-reviews/
doctor_strange_2016,2412409,2017-08-22,Megan Burbank,False,,fresh,"The Stranger (Seattle, WA)","Doctor Strange might have a lot of baggage, but more than anything else, it's fun.",POSITIVE,http://www.thestranger.com/film/2016/11/02/24668918/the-magical-whitewash-of-doctor-strange
midsommar,2672659,2020-02-26,Dan Schindel,False,,fresh,Hyperallergic,"Much of the film is keenly attuned to human failure and the ugliness of bad relationships, making for a magnetic but continually cringe-inducing ride.",POSITIVE,https://hyperallergic.com/507775/midsommar/
taken_3,2249445,2015-03-03,John Beifuss,False,2/4,rotten,"Commercial Appeal (Memphis, TN)","He never discovers the real killers are returning director Olivier Megaton and producer-auteur Luc Besson, who callously dispose of the sympathetic Lenore to create new motivation for their hero's lethal kinesthesia and for their own chaotic set pieces.",NEGATIVE,http://www.commercialappeal.com/go-memphis/entertainment-bog/mini-review-taken-3
captain_marvel,2567862,2019-03-16,Bob Grimm,False,2.25/5,rotten,Reno News and Review,Brie Larson seems oddly detached from the proceedings.,NEGATIVE,https://www.newsreview.com/reno/little-wonder/content?oid=27838512
once_upon_a_time_in_hollywood,2608147,2019-07-24,Jeanne Kaplan,False,,fresh,Kaplan vs. Kaplan,It is DiCaprio and Pitt who make ONCE UPON A TIME...IN HOLLYWOOD what it is --- magnificent!,POSITIVE,https://www.kaplanvskaplan.com/new-releases/once-upon-a-time-in-hollywood/
jurassic_world_fallen_kingdom,2482508,2018-06-05,Germain Lussier,False,,rotten,io9.com,Maybe we've just become so desensitized to seeing dinosaurs running around and eating people that we need something new and bigger to impress us.,NEGATIVE,https://io9.gizmodo.com/jurassic-world-fallen-kingdom-lacks-the-majesty-the-fr-1826580479
the_front_runner_2018,2535986,2018-11-29,Linda Cook,False,3/4,fresh,"Quad City Times (Davenport, IA)","It may not be winning at the box office, but it's a sure bet for entertainment.",POSITIVE,https://qctimes.com/news/the-front-runner-isn-t-winning-at-the-box-office/article_8e143b02-bd45-5fc3-89dd-f8c937a2676d.html
widows_2018,2677961,2020-03-18,Dan Scully,False,,fresh,Cinema76,Everything about Widows works. There's just no resisting it.,POSITIVE,https://www.cinema76.com/home/2018/11/16/widows-is-the-best-theatrical-experience-of-the-year
nomadland,2769528,2021-02-19,Jason McKiernan,False,4.5/5,fresh,Film Racket,"Zhao's vision ventures beyond naturalism to reach a true synthesis of nature and narrative, achieving a sort of Narrative Verité, if such a term could exist.",POSITIVE,https://filmracket.com/nomadland/movie-review
batman_v_superman_dawn_of_justice,2316730,2016-03-25,Sean Burns,False,,rotten,Spliced Personality,"The movie has a bullying, hostile tone that comes through in the surly performances, a callous indifference to innocents killed and the general philosophical disposition of a teenager who just discovered Nietzsche after being grounded.",NEGATIVE,https://splicedpersonality.wordpress.com/2016/03/25/batman-v-superman-dawn-of-justice/
2012,1854723,2009-11-11,Victoria Alexander,False,,rotten,FilmsInReview.com,"Terrible with no story, a god-awful cast led by the cursed Amanda Peet, and stale dialogue. Cheesy CGI.",NEGATIVE,http://www.filmsinreview.com/2009/11/11/2012/
captain_america_civil_war,2325419,2016-05-06,Sarah Boslaugh,False,6/10,fresh,Playback:stl,"...while one of the story lines does pick up from Captain America: The Winter Soldier, it's Iron Man who steals the show.",POSITIVE,http://www.playbackstl.com/movies/reviews-movies/captain-america-civil-war-walt-disney-studios-motion-pictures-pg-13/
taken_3,2242045,2015-01-13,Robert Levin,False,1.5/4,rotten,amNewYork,The movie stinks. It doesn't stink in a clever or interesting way. It's not even so bad that it's funny.,NEGATIVE,http://www.amny.com/entertainment/taken-3-movie-review-1-5-stars-1.9796001
jojo_rabbit,2623543,2019-09-09,Chris Evangelista,False,10/10,fresh,Slashfilm,"There's some sort of strange magic residing in Taika Waititi's Jojo Rabbit, a film that really shouldn't work - but does, with remarkable results.",POSITIVE,https://t.co/dwV2Jjgz0r
top_gun_maverick,102699767,2022-06-14,Maxwell Rabb,True,,fresh,Chicago Reader,"Somehow Cruise's foray back into the danger zone will be remembered more than the original, setting a new standard in the era of reboots.",POSITIVE,https://chicagoreader.com/film/top-gun-maverick/
ant_man_and_the_wasp_quantumania,102783393,2023-02-27,Sheraz Farooqi,False,1.5/5,rotten,CinemaDebate,ANT-MAN &amp; THE WASP&#58; Quantumania feels more like a Disney&#43; special than a film&#46;&#10;&#10;It&#8217;s messy&#44; overindulgent on weak CGI&#44; and humor falls flat&#46; Jonathan Majors is great as Kang but Marvel seemed more focused on creating a 2-hour trailer for something better&#46;,NEGATIVE,https://www.youtube.com/watch?v=abQh38USt7c
la_la_land,2640829,2019-10-30,Debbie Lynn Elias,False,,fresh,Behind The Lens,"[A] glorious, toe-tapping, Technicolor delight!",POSITIVE,http://behindthelensonline.net/site/reviews/la-la-land/
a_star_is_born_2018,102759231,2022-12-08,Brian T. Carney,False,,fresh,Washington Blade,Gaga’s performances always sizzle. Her bond with the audience is palpable and her joy in entertaining is apparent in every note.,POSITIVE,https://www.washingtonblade.com/2018/10/04/a-star-is-born-review/
cruella,2811339,2021-08-05,Erick Estrada,False,,fresh,Cinegarage,Emma Stone is undoubtedly the best part about this movie. ,POSITIVE,https://www.patreon.com/posts/cruella-critica-51716631
cruella,2797119,2021-06-10,Asia Frey,False,,fresh,"Lagniappe (Mobile, AL)","The fabulously fashionable workplace drama I never knew I needed... better than the recent live-action remakes of earlier Disney animations because it is merely inspired by the cartoon, not a recreation.",POSITIVE,https://lagniappemobile.com/cruella-is-a-highly-stylish-oddball-treat/
the_batman,102663959,2022-03-03,Kevin A. Ranson,False,4/4,fresh,MovieCrypt.com,"With a sweeping soundtrack, actual detective work, and a surprising turn by a capable Pattinson leading a great cast, this Caped Crusader is learning to be better than he was yesterday in a city losing hope... a reconstruction of the superhero genre?",POSITIVE,https://moviecrypt.com/2022/03/03/review-the-batman-the-longer-halloween/
ready_player_one,2467452,2018-03-27,Chris Hunneysett,False,5/5,fresh,Daily Mirror (UK),"Demonstrating his enduring ability to entertain while embracing the latest technology and remaining relevant to a modern audience, Spielberg proves he's still Hollywood's number one player.",POSITIVE,https://www.mirror.co.uk/tv/tv-reviews/ready-player-one-review-steven-12227775
birds_of_prey_2020,2668367,2020-02-10,Greg Carlson,False,,fresh,Vague Visages,"As proof of concept for Harley Quinn's ability to control center stage, Birds of Prey works...",POSITIVE,https://vaguevisages.com/2020/02/08/review-cathy-yans-birds-of-prey/
once_upon_a_time_in_hollywood,2609995,2019-07-30,Brad Keefe,False,4/5,fresh,Columbus Alive,"The fact that ""Once Upon a Time"" isn't exactly what you'd expect is a testament to Tarantino's ability to still shock and surprise audiences, even as he's up to his familiar tricks.",POSITIVE,https://www.columbusalive.com/entertainment/20190729/tarantinos-once-upon-time-is-nostalgic-love-letter-to-hollywood
captain_marvel,2564122,2019-03-05,Peter Sobczynski,False,4/5,fresh,eFilmCritic.com,"It moves quickly and avoids the bloated running time that has plagued many of these films, it has some nice bits of humor sprinkled throughout and, most importantly, the strong and entertaining Brie Larson performance.",POSITIVE,http://www.efilmcritic.com/review.php?movie=27768&reviewer=389
la_la_land,2499337,2018-08-21,Kathryn Reklis,False,,fresh,The Christian Century,It's an airy confection of delight that is at the same time wised-up and nostalgic. And it aims for a vision of moviemaking that is rhapsodic and earnest without being sentimental.,POSITIVE,https://www.christiancentury.org/article/how-paterson-sidesteps-clichés-embraced-la-la-land
joker_2019,2648575,2019-11-23,Linda Cook,False,4/4,fresh,"Quad City Times (Davenport, IA)","Grim, violent 'Joker' is no laughing matter.",POSITIVE,https://qctimes.com/entertainment/columnists/linda-cook/grim-violent-joker-is-no-laughing-matter/article_08eb0e6e-db4a-5f6a-b4c3-fd235d95e410.html
first_man,102775087,2023-01-31,David Gonzalez,False,,fresh,The Cinematic Reel,First Man is more than just a technical marvel&#46; It is a film that truly captures the struggle and journey of not just America&#8217;s race to space but a man&#8217;s sacrifice to reach his ultimate goal of walking on the moon&#46; ,POSITIVE,https://thecinematicreel.com/reel-review-first-man/
star_wars_the_rise_of_skywalker,2657555,2020-01-03,David 'Mad Dog' Bradley,False,6/10,rotten,Adelaide Review,"It all feels just a little underwhelming, but John Williams' done-to-death score swells to hopefully convince you that you are indeed having an awesome experience, and [Daisy] Ridley, in particular, acts her heart out.",NEGATIVE,https://www.adelaidereview.com.au/arts/cinema/2019/12/19/film-review-star-wars-the-rise-of-skywalker/
taken_3,2241621,2015-01-09,James Berardinelli,True,2/4,rotten,ReelViews,Taken 3 is exactly what one might anticipate from an unnecessary sequel in a mediocre franchise.,NEGATIVE,http://www.reelviews.net/php_review_template.php?identifier=2851
toy_story_4,2596723,2019-06-13,Kenneth Turan,True,,fresh,Los Angeles Times,"""Toy Story 4"" will blow you away in ways you won't be expecting.",POSITIVE,https://www.latimes.com/entertainment/movies/la-et-mn-toy-story-4-pixar-review-20190610-story.html?utm_source=dlvr.it&utm_medium=twitter
knives_out,2649633,2019-11-27,Danny Leigh,True,4/5,fresh,Financial Times,"A viciously droll game of movie Cluedo, the murder mystery dusted off for the modern age.",POSITIVE,https://www.ft.com/content/c58dafc6-1125-11ea-a225-db2f231cfeae
star_wars_the_rise_of_skywalker,2654468,2019-12-18,Glen Weldon,True,,rotten,NPR,It's an accretion - a buildup of plotlines and characters that rolls toward its conclusion by dint of momentum lent to it by all that's come before.,NEGATIVE,https://www.npr.org/2019/12/18/787544162/the-rise-of-skywalker-makes-for-an-exciting-exhaustive-effortful-ending?utm_medium=RSS&utm_campaign=movies
arrival_2016,2361390,2016-11-10,Gonzalo Lira Galván,False,4.5/5,fresh,Cine Premiere,An interesting study on contemporary themes explained through science fiction and a monumental achievement for its director. [Full review in Spanish],POSITIVE,http://www.cinepremiere.com.mx/la-llegada-critica-61199.html
dune_2021,2837916,2021-11-06,Linda and Al Lerner,False,,fresh,Movies and Shakers,"This updated, fresh, fully conceptualized adaptation of Frank Herbert's bestseller is a swashbuckling futuristic interplanetary epic. Writer/Director Denis Villeneuve finally brings a long pandemic delayed version of a very complicated tale...",POSITIVE,https://moviesandshakers.com/dune/
a_star_is_born_2018,2556016,2019-02-07,Hannah Brown,False,,fresh,Jerusalem Post,"It may be a little less powerful if you know where the story is heading, but it's undeniably a triumph for Cooper.",POSITIVE,https://www.jpost.com/Israel-News/Culture/Grace-and-Frankie-delight-A-Star-is-Born-comes-home-580000
the_batman,102662495,2022-02-28,David Fear,True,,fresh,Rolling Stone,"At its best, The Batman is a helluva tough-guy yarn -- an entertaining pulp-fiction epic under the guise of sure-thing blockbuster. At its worst, it’s the cinematic equivalent of a mixtape.",POSITIVE,https://www.rollingstone.com/movies/movie-reviews/batman-review-robert-pattinson-1301492/
ant_man_and_the_wasp_quantumania,102780028,2023-02-15,Olly Richards,True,2/5,rotten,Time Out,"Marvel’s mini-hero is back in a movie that’s all scale, no fun.  ",NEGATIVE,https://www.timeout.com/movies/ant-man-and-the-wasp-quantumania-2023
avengers_endgame,2580377,2019-04-25,Jamie East,False,4/5,fresh,The Sun (UK),"The end of an era, done exactly as you'd hoped.",POSITIVE,https://www.thesun.co.uk/tvandshowbiz/8925539/review-avengers-endgame-premiere/
everything_everywhere_all_at_once,102764053,2022-12-24,Michael Ward,False,4.5/5,fresh,Should I See It,&#40;The Daniels&#41; Kwan and Scheinert make everything seem possible&#46; ,POSITIVE,https://www.shouldiseeit.net/reviews/2022/everything-everywhere-all-at-once-2022
ant_man_and_the_wasp,2491385,2018-07-18,Tim Robey,True,4/5,fresh,Daily Telegraph (UK),"A Marvel film giving off the repeated vibe that in some other space and time, Pixar might have made it.",POSITIVE,https://www.telegraph.co.uk/films/0/ant-man-wasp-review-marvels-small-scale-superheroes-next-door/
parasite_2019,2672549,2020-02-26,Tessa Smith,False,5/5,fresh,Mama's Geeky,"Parasite surprised me over and over. I constantly had no idea what was going to happen next. But what did happen, was amazing and extremely well done.",POSITIVE,https://mamasgeeky.com/2020/02/did-parasite-deserve-oscars.html
dune_2021,2841253,2021-11-20,Rosa Parra,False,3.5/5,fresh,Latinx Lens,Dune is easily one of the best visually & audibly crafted films of 2021. Hans Zimmer's score is perfection. Narratively? hmmm not so much.,POSITIVE,https://podcasts.apple.com/us/podcast/45-mass-dune-women-is-losers/id1518650275?i=1000541050027
the_lion_king_2019,2605704,2019-07-16,Sandie Angulo Chen,False,3/5,fresh,Common Sense Media,"Visually stunning remake is darker, more violent.",POSITIVE,https://www.commonsensemedia.org/movie-reviews/the-lion-king
captain_marvel,2565348,2019-03-08,James Verniere,False,C+,rotten,Boston Herald,"Captain Marvel could not be duller beside DC's Wonder Woman if she tried. Apparently, personality is not the Captain's superpower.",NEGATIVE,https://www.bostonherald.com/2019/03/08/superhero-slog-not-much-to-marvel-at/
28_days_later,813873,2002-11-19,Peter Bradshaw,True,3/5,fresh,Guardian,"It flags during the encampment scenes, with some redundant gore, but this is a muscular, virile piece of film-making from Boyle.",POSITIVE,"http://film.guardian.co.uk/Film_Page/0,4061,813866,00.html"
avengers_infinity_war,2473324,2018-04-25,Roger Moore,False,2/4,rotten,Movie Nation,"Maybe ""Deadpool 2"" will be better...",NEGATIVE,https://rogersmovienation.com/2018/04/25/movie-review-avengers-infinity-war-isnt-actually-infinitely-long/
widows_2018,2550696,2019-01-24,Amanda Greever,False,,rotten,The Daily Times (Tennessee),It is a slow character study that didn't really tell us anything about the characters in the film.,NEGATIVE,https://www.thedailytimes.com/columns/amanda_greever/review-widows-less-of-a-heist-thriller-than-a-potboiler/article_cc89da02-d800-59ba-b8a6-62203d689224.html
ant_man_and_the_wasp_quantumania,102780416,2023-02-16,Mathew DeKinder,False,3.5/5,fresh,Mat's Entertainment,The future of the MCU is as uncertain as ever&#44; but &#8220;Quantumania&#8221; has the train back up on the tracks and &#40;hopefully&#41; headed in the right direction&#46;,POSITIVE,https://matsentertainment.com/lets-get-weird-with-ant-man-and-the-wasp-quatumania/
taken_3,2241581,2015-01-09,Chris Bumbray,False,3/10,rotten,JoBlo's Movie Network,So low-rent that it feels like everyone involved - from the writers to the director to the star - just decided to put as little effort into the follow-up as possible.,NEGATIVE,http://www.joblo.com/movie-news/review-taken-3-291-02
dunkirk_2017,2513045,2018-09-25,Achara Kirk,False,,fresh,CinePals,"It's all about survival, and the lengths you will go to...it definitely gave me more on the second time around.",POSITIVE,https://www.youtube.com/watch?v=E-iewSGYAGU&list=PLpu7-TGm7LHplY3WeOWndYR6zsIpI7KDa&index=39&t=0s
